Sample_Index,Amplitude
0,-0.0001796561948381016
1,-6.810624856286604e-06
2,-0.00016963725000573306
3,-4.671876128920601e-06
4,-0.0001570439363776013
5,-1.1047492933931001e-06
6,-0.00014188937526833504
7,3.7989373951427094e-06
8,-0.00012419549597705306
9,9.921245340385401e-06
10,-0.00010400009690833436
11,1.711383236856185e-05
12,-8.136518209041317e-05
13,2.5193181708897147e-05
14,-5.638611227969076e-05
15,3.393577687210796e-05
16,-2.9201034400677067e-05
17,4.307370939694316e-05
18,-5.0479992723798294e-18
19,5.229123674557555e-05
20,3.096684419793489e-05
21,6.122281249247155e-05
22,6.338261049486881e-05
23,6.945308888973185e-05
24,9.68591572413811e-05
25,7.651934250530301e-05
26,0.00013093523920763291
27,8.191669764734921e-05
28,0.00016507776675339067
29,8.510642157567627e-05
30,0.0001986865089515034
31,8.552744302726538e-05
32,0.00023110244372913756
33,8.261110534273185e-05
34,0.000261619808631335
35,7.579901238025978e-05
36,0.00028950174427288703
37,6.456366510201068e-05
38,0.00031399925490810957
39,4.843142544332937e-05
40,0.00033437304329121887
41,2.7007188410648466e-05
42,0.00034991761686518463
43,-1.2384681064477408e-18
44,0.0003599869160726169
45,-3.275126594104101e-05
46,0.0003640205897709566
47,-7.12531581713226e-05
48,0.00036156994342515945
49,-0.00011533488082906534
50,0.00035232251829105533
51,-0.00016462859687440724
52,0.0003361242286011237
53,-0.000218553884891635
54,0.00031299799208803
55,-0.000276307384848163
56,0.00028315783899112145
57,-0.0003368585788687398
58,0.0002470175765206639
59,-0.0003989525215691602
60,0.00020519321862710175
61,-0.0004611201630140282
62,0.00015849856232574012
63,-0.0005216966994632003
64,0.00010793349773493648
65,-0.0005788481477813657
66,5.466487393729316e-05
67,-0.0006306060751102086
68,1.104832668177732e-17
69,-0.0006749101337646679
70,-5.464686790056865e-05
71,-0.0007096577609473711
72,-0.0001077944251106681
73,-0.0007327601131737216
74,-0.00015793970140311732
75,-0.0007422030261376541
76,-0.0002036077669510007
77,-0.0007361115321629539
78,-0.00024340436387896482
79,-0.0007128162392578407
80,-0.00027606986253867676
81,-0.0006709196874982893
82,-0.00030053278007512527
83,-0.0006093606585543757
84,-0.0003159609869485829
85,-0.0005274743300449528
86,-0.0003218086714789573
87,-0.00042504614400954154
88,-0.0003178571382607058
89,-0.00030235730237346313
90,-0.00030424758676261924
91,-0.00016021991419666769
92,-0.0002815041529163174
93,1.4580937022808815e-18
94,-0.0002505456982445587
95,0.00017637319435140944
96,-0.00021268509518124513
97,0.00036641281196174793
98,-0.0001696150786026024
99,0.0005670957991069093
100,-0.00012338010506444925
101,0.0007749005769933225
102,-7.633407370962234e-05
103,0.0009858609769819162
104,-3.108420541336955e-05
105,0.0011956359675617232
106,9.578162858516253e-06
107,0.0013995942110893713
108,4.2758646770115146e-05
109,0.0015929119996036046
110,6.555106990176172e-05
111,0.0017706826466821098
112,7.51367988330828e-05
113,0.0019280349713024607
114,6.888966008302966e-05
115,0.002060258114679994
116,4.4483602903099475e-05
117,0.0021629295960246806
118,1.0514504967087e-18
119,0.002232043250836218
120,-6.596871588990063e-05
121,0.0022641335168655592
122,-0.0001542224882382324
123,0.0022563924473195172
124,-0.0002648675658529066
125,0.0022067758450152646
126,-0.0003972442561234079
127,0.0021140950290905627
128,-0.0005498716421521821
129,0.0019780909687562927
130,-0.0007204121100797056
131,0.0017994878446417407
132,-0.0009056581410737303
133,0.0015800235226630334
134,-0.0011015433389076497
135,0.0013224549401351653
136,-0.0013031790984213247
137,0.0010305369982420466
138,-0.0015049176848423965
139,0.0007089742154626596
140,-0.0017004418038775394
141,0.0003633451072244878
142,-0.0018828800147602355
143,1.1395705804962794e-17
144,-0.0020449465919433088
145,-0.00037406625621727693
146,-0.002179103695991925
147,-0.0007513644651579498
148,-0.0022777429913716754
149,-0.0011240812202004378
150,-0.002333383169316538
151,-0.0014842653985709254
152,-0.0023388792184599687
153,-0.0018240268141259636
154,-0.0022876387540765805
155,-0.0021357423188223435
156,-0.0021738402866685012
157,-0.0024122642390138303
158,-0.0019926479981282933
159,-0.0026471257497349262
160,-0.0017404174120670842
161,-0.0028347376400335213
162,-0.001414886304227675
163,-0.002970570913717934
164,-0.0010153453058464913
165,-0.0030513198075418605
166,-0.0005427829102713361
167,-0.003075040093853847
168,-2.8283399749737137e-17
169,-0.0030412579640641136
170,0.0006083104374952999
171,-0.002951045355830299
172,0.001275522050311187
173,-0.0028070582794981393
174,0.00199307515529693
175,-0.002613535503088331
176,0.002750519985281371
177,-0.0023762558514856978
178,0.0035356040704445785
179,-0.002102453342734259
180,0.004334403608443237
181,-0.0018006903980483096
182,0.0051314975724700345
183,-0.0014806903956657781
184,0.005910182186717772
185,-0.001153131863719975
186,0.006652722290958174
187,-0.0008294075945539884
188,0.007340635046098907
189,-0.0005213528825521676
190,0.007955000425439354
191,-0.00024094790985632175
192,0.00847679201449782
193,-1.4346745492618847e-17
194,0.008887220825045282
195,0.00019018800000042372
196,0.009168084131177569
197,0.00031915659097568404
198,0.009302110765830991
199,0.00037762898090529636
200,0.009273293876487511
201,0.0003578442574365735
202,0.009067201820640488
203,0.0002538780574158705
204,0.008671257664089443
205,6.19450783408549e-05
206,0.008074977590909273
207,-0.00021932121552269571
208,0.007270158383000598
209,-0.0005886149240875148
210,0.006251003887601064
211,-0.0010417313983516056
212,0.005014179924603511
213,-0.00157136705465177
214,0.003558786183105078
215,-0.002166940688969335
216,0.0018862319993746756
217,-0.002814427065997882
218,5.593048759959009e-17
219,-0.0034961871910871444
220,-0.0020947233562297073
221,-0.0041907705906468785
222,-0.004391579589116695
223,-0.004872651521099349
224,-0.0068837754071411975
225,-0.005511840509865768
226,-0.009565091442984017
227,-0.006073280038623695
228,-0.012431267770856536
229,-0.0065158793933504065
230,-0.015481939217293489
231,-0.006790951395443049
232,-0.018723414171571893
233,-0.006839648582345911
234,-0.022172813395888676
235,-0.006588687258151118
236,-0.02586451481759322
237,-0.005943038854021756
238,-0.029860722493606662
239,-0.004772995587321258
240,-0.034269863896356306
241,-0.0028901660924695975
242,-0.039280920937159326
243,-6.554998849046554e-17
244,-0.0452330907904032
245,0.0044004418250434335
246,-0.0527728560997587
247,0.011269623193044967
248,-0.06326166759185879
249,0.022725616530366973
250,-0.08007224079176786
251,0.044628629547668955
252,-0.11432808538382493
253,0.10156098837385874
254,-0.23655689400240834
255,0.6113318321615173
256,0.6113318321615173
257,-0.23655689400240834
258,0.10156098837385874
259,-0.11432808538382493
260,0.044628629547668955
261,-0.08007224079176786
262,0.022725616530366973
263,-0.06326166759185879
264,0.011269623193044967
265,-0.0527728560997587
266,0.0044004418250434335
267,-0.0452330907904032
268,-6.554998849046554e-17
269,-0.039280920937159326
270,-0.0028901660924695975
271,-0.034269863896356306
272,-0.004772995587321258
273,-0.029860722493606662
274,-0.005943038854021756
275,-0.02586451481759322
276,-0.006588687258151118
277,-0.022172813395888676
278,-0.006839648582345911
279,-0.018723414171571893
280,-0.006790951395443049
281,-0.015481939217293489
282,-0.0065158793933504065
283,-0.012431267770856536
284,-0.006073280038623695
285,-0.009565091442984017
286,-0.005511840509865768
287,-0.0068837754071411975
288,-0.004872651521099349
289,-0.004391579589116695
290,-0.0041907705906468785
291,-0.0020947233562297073
292,-0.0034961871910871444
293,5.593048759959009e-17
294,-0.002814427065997882
295,0.0018862319993746756
296,-0.002166940688969335
297,0.003558786183105078
298,-0.00157136705465177
299,0.005014179924603511
300,-0.0010417313983516056
301,0.006251003887601064
302,-0.0005886149240875148
303,0.007270158383000598
304,-0.00021932121552269571
305,0.008074977590909273
306,6.19450783408549e-05
307,0.008671257664089443
308,0.0002538780574158705
309,0.009067201820640488
310,0.0003578442574365735
311,0.009273293876487511
312,0.00037762898090529636
313,0.009302110765830991
314,0.00031915659097568404
315,0.009168084131177569
316,0.00019018800000042372
317,0.008887220825045282
318,-1.4346745492618847e-17
319,0.00847679201449782
320,-0.00024094790985632175
321,0.007955000425439354
322,-0.0005213528825521676
323,0.007340635046098907
324,-0.0008294075945539884
325,0.006652722290958174
326,-0.001153131863719975
327,0.005910182186717772
328,-0.0014806903956657781
329,0.0051314975724700345
330,-0.0018006903980483096
331,0.004334403608443237
332,-0.002102453342734259
333,0.0035356040704445785
334,-0.0023762558514856978
335,0.002750519985281371
336,-0.002613535503088331
337,0.00199307515529693
338,-0.0028070582794981393
339,0.001275522050311187
340,-0.002951045355830299
341,0.0006083104374952999
342,-0.0030412579640641136
343,-2.8283399749737137e-17
344,-0.003075040093853847
345,-0.0005427829102713361
346,-0.0030513198075418605
347,-0.0010153453058464913
348,-0.002970570913717934
349,-0.001414886304227675
350,-0.0028347376400335213
351,-0.0017404174120670842
352,-0.0026471257497349262
353,-0.0019926479981282933
354,-0.0024122642390138303
355,-0.0021738402866685012
356,-0.0021357423188223435
357,-0.0022876387540765805
358,-0.0018240268141259636
359,-0.0023388792184599687
360,-0.0014842653985709254
361,-0.002333383169316538
362,-0.0011240812202004378
363,-0.0022777429913716754
364,-0.0007513644651579498
365,-0.002179103695991925
366,-0.00037406625621727693
367,-0.0020449465919433088
368,1.1395705804962794e-17
369,-0.0018828800147602355
370,0.0003633451072244878
371,-0.0017004418038775394
372,0.0007089742154626596
373,-0.0015049176848423965
374,0.0010305369982420466
375,-0.0013031790984213247
376,0.0013224549401351653
377,-0.0011015433389076497
378,0.0015800235226630334
379,-0.0009056581410737303
380,0.0017994878446417407
381,-0.0007204121100797056
382,0.0019780909687562927
383,-0.0005498716421521821
384,0.0021140950290905627
385,-0.0003972442561234079
386,0.0022067758450152646
387,-0.0002648675658529066
388,0.0022563924473195172
389,-0.0001542224882382324
390,0.0022641335168655592
391,-6.596871588990063e-05
392,0.002232043250836218
393,1.0514504967087e-18
394,0.0021629295960246806
395,4.4483602903099475e-05
396,0.002060258114679994
397,6.888966008302966e-05
398,0.0019280349713024607
399,7.51367988330828e-05
400,0.0017706826466821098
401,6.555106990176172e-05
402,0.0015929119996036046
403,4.2758646770115146e-05
404,0.0013995942110893713
405,9.578162858516253e-06
406,0.0011956359675617232
407,-3.108420541336955e-05
408,0.0009858609769819162
409,-7.633407370962234e-05
410,0.0007749005769933225
411,-0.00012338010506444925
412,0.0005670957991069093
413,-0.0001696150786026024
414,0.00036641281196174793
415,-0.00021268509518124513
416,0.00017637319435140944
417,-0.0002505456982445587
418,1.4580937022808815e-18
419,-0.0002815041529163174
420,-0.00016021991419666769
421,-0.00030424758676261924
422,-0.00030235730237346313
423,-0.0003178571382607058
424,-0.00042504614400954154
425,-0.0003218086714789573
426,-0.0005274743300449528
427,-0.0003159609869485829
428,-0.0006093606585543757
429,-0.00030053278007512527
430,-0.0006709196874982893
431,-0.00027606986253867676
432,-0.0007128162392578407
433,-0.00024340436387896482
434,-0.0007361115321629539
435,-0.0002036077669510007
436,-0.0007422030261376541
437,-0.00015793970140311732
438,-0.0007327601131737216
439,-0.0001077944251106681
440,-0.0007096577609473711
441,-5.464686790056865e-05
442,-0.0006749101337646679
443,1.104832668177732e-17
444,-0.0006306060751102086
445,5.466487393729316e-05
446,-0.0005788481477813657
447,0.00010793349773493648
448,-0.0005216966994632003
449,0.00015849856232574012
450,-0.0004611201630140282
451,0.00020519321862710175
452,-0.0003989525215691602
453,0.0002470175765206639
454,-0.0003368585788687398
455,0.00028315783899112145
456,-0.000276307384848163
457,0.00031299799208803
458,-0.000218553884891635
459,0.0003361242286011237
460,-0.00016462859687440724
461,0.00035232251829105533
462,-0.00011533488082906534
463,0.00036156994342515945
464,-7.12531581713226e-05
465,0.0003640205897709566
466,-3.275126594104101e-05
467,0.0003599869160726169
468,-1.2384681064477408e-18
469,0.00034991761686518463
470,2.7007188410648466e-05
471,0.00033437304329121887
472,4.843142544332937e-05
473,0.00031399925490810957
474,6.456366510201068e-05
475,0.00028950174427288703
476,7.579901238025978e-05
477,0.000261619808631335
478,8.261110534273185e-05
479,0.00023110244372913756
480,8.552744302726538e-05
481,0.0001986865089515034
482,8.510642157567627e-05
483,0.00016507776675339067
484,8.191669764734921e-05
485,0.00013093523920763291
486,7.651934250530301e-05
487,9.68591572413811e-05
488,6.945308888973185e-05
489,6.338261049486881e-05
490,6.122281249247155e-05
491,3.096684419793489e-05
492,5.229123674557555e-05
493,-5.0479992723798294e-18
494,4.307370939694316e-05
495,-2.9201034400677067e-05
496,3.393577687210796e-05
497,-5.638611227969076e-05
498,2.5193181708897147e-05
499,-8.136518209041317e-05
500,1.711383236856185e-05
501,-0.00010400009690833436
502,9.921245340385401e-06
503,-0.00012419549597705306
504,3.7989373951427094e-06
505,-0.00014188937526833504
506,-1.1047492933931001e-06
507,-0.0001570439363776013
508,-4.671876128920601e-06
509,-0.00016963725000573306
510,-6.810624856286604e-06
511,-0.0001796561948381016
